0.01,0.00007690573423830237,-0.0000117016184485107
0.060000000000000005,0.0027638050198994842,-0.00042038126399247984
0.11,0.009248579225807357,-0.0014054818383978681
0.16000000000000003,0.019430713924464136,-0.002948651299620312
0.21000000000000002,0.03315319280280898,-0.005021252689979227
0.26,0.05020567957389558,-0.0075849957541542935
0.31000000000000005,0.07032861780010528,-0.010592755867082755
0.36000000000000004,0.09321817209863249,-0.013989562702876459
0.41000000000000003,0.11853191659698474,-0.017713737230942033
0.46,0.1458951603164106,-0.021698152179914755
0.51,0.17490778483279873,-0.02587158816528711
0.56,0.20515145754306488,-0.030160155329233
0.6100000000000001,0.2361970745772096,-0.03448874867889174
0.66,0.26761228123244474,-0.0387825044073025
0.7100000000000001,0.29896891510020773,-0.04296822439729475
0.76,0.3298502180669247,-0.046975736879820706
0.81,0.3598576682556053,-0.0507391628563932
0.8600000000000001,0.388617291782969,-0.0541980603842765
0.91,0.41578532685051345,-0.057298422116352
0.9600000000000001,0.4410531289415016,-0.05999350550734453
1.01,0.4641512253877275,-0.062244479735778596
1.06,0.48485244978641734,-0.06402087850953492
1.11,0.5029741110438622,-0.06530085336049112
1.1600000000000001,0.5183791774419811,-0.06607122760985285
1.2100000000000002,0.5309764822263515,-0.06632735670806841
1.26,0.5407199829091747,-0.06607280592602956
1.31,0.5476071308682442,-0.06531886120781064
1.36,0.5516764300365983,-0.06408389321496932
1.4100000000000001,0.5530042827275009,-0.06239259804820736
1.4600000000000002,0.5517012362539525,-0.060275140706044505
1.51,0.5479077554635121,-0.05776622895291003
1.56,0.5417896532821104,-0.05490414588455564
1.61,0.5335333137090474,-0.05172976910573204
1.6600000000000001,0.5233408394999379,-0.04828560312656536
1.7100000000000002,0.5114252502857971,-0.044614849433701705
1.76,0.4980058465580303,-0.040760535828660495
1.81,0.4833038414081445,-0.03676472320468754
1.86,0.46753834587193444,-0.03266780412833166
1.9100000000000001,0.4509227759891305,-0.028507903584437957
1.9600000000000002,0.43366173107793565,-0.02432038821247894
2.01,0.41594837404959634,-0.020137486475668136
2.06,0.3979623266028048,-0.015988018609789833
2.11,0.37986807549920065,-0.011897232017495884
2.1599999999999997,0.36181387136635335,-0.007886735096644526
2.21,0.3439310890016746,-0.003974520375951008
2.26,0.3263340082116385,-0.0001750663028462921
2.31,0.3091199669229952,0.0035004939187214773
2.36,0.29236983361974794,0.007044148441627766
2.41,0.27614874394811495,0.010450739746775961
2.46,0.2605070463533589,0.01371766586320633
2.51,0.24548140355941603,0.016844560373864566
2.56,0.23109600022281662,0.01983296063876287
2.61,0.21736381181518313,0.022685972399366837
2.66,0.20428789534499936,0.02540793758070859
2.71,0.1918626685717434,0.028004110756555543
2.76,0.1800751505812984,0.030480348453244193
2.81,0.16890614271289284,0.03284281429301439
2.86,0.15833133463652094,0.03509770195896039
2.91,0.14832232570889461,0.03725097712985112
2.96,0.13884755646759664,0.03930813890121687
3.01,0.12987314918416684,0.04127400078573719
3.06,0.12136365975294934,0.043152491168081106
3.11,0.1132827458409768,0.044946473065650173
3.16,0.10559375818692329,0.04665758319869446
3.21,0.0982602632539804,0.04828609067640526
3.26,0.091246506164069,0.04983077602992015
3.31,0.08451782302774213,0.05128883183420527
3.36,0.07804101149741909,0.052655786720082164
3.41,0.0717846676740861,0.05392545514352957
3.46,0.06571949645174259,0.05508991580761363
3.51,0.05981860105138123,0.056139522077231725
3.56,0.054057755938580025,0.05706294804227574
3.61,0.04841566559779991,0.05784727402611956
3.66,0.04287420981579652,0.05847811526207981
3.71,0.037418674272215825,0.05893979713481388
3.76,0.032037963416541915,0.05921557977871779
3.81,0.026724790899113112,0.0592879339242065
3.86,0.021475841293971818,0.05913886868151461
3.91,0.016291895577261694,0.058750310462080416
3.96,0.011177911878847573,0.058104530488609515
4.01,0.0061430524733491285,0.0571846163835754
4.06,0.001200647876919831,0.0559749812171689
4.11,-0.0036319106886997157,0.054461901221119345
4.16,-0.00833335828733116,0.05263407122994028
4.21,-0.012878829096017303,0.05048316490168646
4.26,-0.01724021950390625,0.04800438500705161
4.31,-0.021386643510583798,0.04519698766860475
4.36,-0.025284979657079064,0.0420647634839538
4.41,-0.028900505635070503,0.03861645806660847
4.46,-0.032197613456377935,0.03486611475524464
4.51,-0.03514059475897637,0.03083332311945646
4.56,-0.03769448262101829,0.026543358441884796
4.61,-0.03982593329718292,0.022027199564779717
4.66,-0.041504128723835326,0.017321415302932425
4.71,-0.04270167859021373,0.012467912962694389
4.76,-0.04339549935171149,0.007513546258904685
4.8100000000000005,-0.04356764685193644,0.0025095839557613196
4.86,-0.04320607927568725,-0.002488955274256479
4.91,-0.04230532799488015,-0.007424092134201504
4.96,-0.040867055478970404,-0.012235786525198918
5.01,-0.03890048177237621,-0.016862930669298833
5.0600000000000005,-0.03642266401524892,-0.021244415125656356
5.11,-0.03345861699620013,-0.02532024470499287
5.16,-0.030041266651762353,-0.029032679368802
5.21,-0.026211232629426796,-0.03232737401110644
5.26,-0.022016440364513667,-0.03515449059182387
5.3100000000000005,-0.017511567441642267,-0.03746975642203388
5.36,-0.012757333181544529,-0.03923544346457401
5.41,-0.007819644287842115,-0.040421245255267746
5.46,-0.002768612897099609,-0.041005030396525276
5.51,0.0023225335905525525,-0.04097345443562976
5.5600000000000005,0.0073786290317066254,-0.040322415213024425
5.61,0.012323807639872767,-0.03905734034340641
5.66,0.017082780605217195,-0.03719329926488615
5.71,0.021582124501410817,-0.03475493615196239
5.76,0.025751555678506514,-0.03177622383572736
5.8100000000000005,0.029525165346149438,-0.028300042617475547
5.86,0.03284259108888505,-0.024377591418361336
5.91,0.0356501020732359,-0.02006764200841289
5.96,0.037901577146081715,-0.015435650045897314
6.01,0.0395593573229943,-0.01055273928781027
6.0600000000000005,0.040594956758828536,-0.005494577570917779
6.11,0.040989619116251236,-0.00034016498791076784
6.16,0.04073470923757892,0.004829443917813653
6.21,0.039831933120363754,0.009932461146513158
6.26,0.03829338233995247,0.014887706091591344
6.3100000000000005,0.03614140219881252,0.019615942785734336
6.36,0.03340828596282178,0.024041190363147714
6.41,0.03013580052305791,0.028091984218366107
6.46,0.02637455165603608,0.031702566363109426
6.51,0.022183199707897297,0.03481398483741261
6.5600000000000005,0.017627538964670914,0.03737508369074931
6.61,0.01277945616111285,0.039343366981703265
6.66,0.007715785498177793,0.040685722417366954
6.71,0.002517079161117412,0.041378992630577024
6.76,-0.0027336863625024694,0.0414103846371528
6.8100000000000005,-0.007952446887934886,0.04077771068779883
6.86,-0.013055408147588484,0.03948945649036189
6.91,-0.017960402210925458,0.037564675586860906
6.96,-0.022588220566149196,0.03503271148473862
7.01,-0.026863902127066467,0.03193275192157462
7.0600000000000005,-0.030717955175951953,0.02831322234583389
7.11,-0.03408749332928214,0.02423102828273955
7.16,-0.03691726700144068,0.01975065868507733
7.21,-0.039160573520912866,0.014943164606683905
7.26,-0.04078003099868029,0.009885029547092057
7.3100000000000005,-0.04174820322991815,0.004656949568005025
7.36,-0.042048065294349964,-0.0006574572516912842
7.41,-0.04167330207103319,-0.005972991299277093
7.46,-0.040628434560418696,-0.011204240298898865
7.51,-0.03892877166849539,-0.016266954533084407
7.5600000000000005,-0.036600187911337734,-0.02107940624396933
7.61,-0.03367873029914007,-0.025563711262640895
7.66,-0.03021006041235582,-0.029647091486111356
7.71,-0.026248740344883434,-0.033263057736018536
7.76,-0.02185737371760481,-0.03635249377760642
7.8100000000000005,-0.017105615319189287,-0.038864623832865965
7.86,-0.012069065071752497,-0.040757847763862175
7.91,-0.006828063911791153,-0.042000430202469734
7.96,-0.00146641079077162,-0.0425710322279314
8.01,0.003929978691849906,-0.04245907670706365
8.06,0.0092744505293581,-0.04166494107359617
8.11,0.014481005291368278,-0.04019997409057501
8.16,0.01946568343738249,-0.03808633596866341
8.21,0.024147920625844983,-0.035356664058106876
8.26,0.028451851122703674,-0.03205356914726319
8.31,0.032307538205714754,-0.02822897014047855
8.36,0.03565211159475077,-0.02394327750836529
8.41,0.038430793396664366,-0.01926443836165285
8.46,0.04059779581295731,-0.014266858255768506
8.51,0.04211707589190808,-0.009030216850279197
8.56,0.04296293488164892,-0.0036381962922755083
8.61,0.043120452220766735,0.0018228573630352397
8.66,0.04258574684873127,0.007265318261789653
8.71,0.04136606128745495,0.012601688182166549
8.76,0.039479666793134076,0.017746004658105392
8.81,0.03695559075839482,0.022615227112532332
8.86,0.033833170412247725,0.027130578627029965
8.91,0.030161439673120096,0.031218821646808018
8.96,0.025998358712873378,0.034813446943036064
9.01,0.021409898343372848,0.037855756513316303
9.06,0.016468993700376792,0.04029582277396895
9.11,0.011254383833743787,0.04209330835850074
9.16,0.005849355683313501,0.0432181330540373
9.21,0.0003404124956622326,0.04365097684629007
9.26,-0.005184112007776392,0.04338361066488978
9.31,-0.01063547148681231,0.04241904918265451
9.36,-0.015925934081252147,0.040771522880279396
9.41,-0.020970195780020212,0.03846626949608067
9.46,-0.025686757267781104,0.03553914789196029
9.51,-0.02999924200359902,0.03203608023469218
9.56,-0.033837634193327734,0.0280123311696055
9.610000000000001,-0.03713941657037617,0.023531635306764366
9.66,-0.0398505894786472,0.018665186804901285
9.71,-0.04192655463186264,0.01349050708558209
9.76,-0.043332849075388584,0.008090208702684173
9.81,-0.044045717265794496,0.0025506750976552373
9.860000000000001,-0.04405251177157074,-0.0030393226388090878
9.91,-0.04335191584429126,-0.008590049826115106
9.96,-0.04195398396897699,-0.014012250205429528
10.01,-0.03987999942956146,-0.019218582706412128
10.06,-0.03716215087304421,-0.02412502981683694
10.110000000000001,-0.03384303277662176,-0.028652254821410834
10.16,-0.029974977568612858,-0.03272688596197618
10.21,-0.025619229880303164,-0.0362827067124129
10.26,-0.020844975967714008,-0.03926173284016604
10.31,-0.015728243698131566,-0.04161515871909761
10.360000000000001,-0.010350690607687715,-0.04330415743686903
10.41,-0.0047982993688374664,-0.044300521571269964
10.46,0.0008399984697380233,-0.04458713405656846
10.51,0.006473748418595052,-0.04415826128235662
10.56,0.01201242577019759,-0.043019663419851195
10.610000000000001,0.017366891752437975,-0.04118851990836515
10.66,0.022450829664412728,-0.03869317101042625
10.71,0.027182137831586344,-0.035572679309819465
10.76,0.03148425687721365,-0.03187621793480304
10.81,0.03528740983055336,-0.027662295091866084
10.860000000000001,0.038529734964019145,-0.022997827148288904
10.91,0.04115829294943418,-0.017957074961357646
10.96,0.04312993192102052,-0.012620460378431567
11.01,0.04441199629793827,-0.007073281788850807
11.06,0.04498286771592305,-0.0014043492639289102
11.110000000000001,0.044832329105907745,0.004295438852134866
11.16,0.04396174579438719,0.009934555061618236
11.21,0.042384060440109575,0.015422314094957671
11.26,0.04012360161719313,0.020670332874884637
11.31,0.037215708857701826,0.025593955532761423
11.360000000000001,0.03370617992864147,0.03011362047610262
11.41,0.02965054899138711,0.0341561474072086
11.46,0.025113207029261193,0.037655923451401487
11.51,0.020166378486967503,0.040555969149799864
11.56,0.014888970402317778,0.042808866980588486
11.610000000000001,0.009365312388182353,0.0443775372639602
11.66,0.0036838076069194954,0.045235848744399565
11.71,-0.002064483658444682,0.04536905379069791
11.76,-0.007787305116380838,0.044774040966652905
11.81,-0.013392686791671571,0.04345940065863611
11.860000000000001,-0.01879042471881507,0.04144530245295626
11.91,-0.023893534170601118,0.03876318598778605
11.96,-0.028619652983371397,0.03545527001247431
12.01,-0.032892372313876775,0.031573887322769764
12.06,-0.03664247330251816,0.02718065605636727
12.110000000000001,-0.03980904960616712,0.02234550048368624
12.16,-0.04234049757719593,0.017145536870893346
12.21,-0.044195357974903496,0.011663842186256462
12.26,-0.045342995467592316,0.005988125331221023
12.31,-0.045764104780166924,0.0002093221729602534
12.360000000000001,-0.04545103512167784,-0.005579863090540779
12.41,-0.04440792744512008,-0.011286446809263596
12.46,-0.042650662101090954,-0.016818661064196678
12.51,-0.04020661749919326,-0.02208743108442475
12.56,-0.03711424343713232,-0.027007811085378433
12.610000000000001,-0.03342245574816195,-0.031500355356915845
12.66,-0.029189861804554185,-0.03549240244585353
12.71,-0.02448382915141245,-0.03891925165190388
12.76,-0.019379412087090965,-0.04172521276697958
12.81,-0.013958153312473322,-0.043864512008286886
12.860000000000001,-0.008306779803952304,-0.045302039393285254
12.91,-0.002515813791011538,-0.046013925342713466
12.96,0.0033218788893380445,-0.0459879370357836
13.01,0.009112579755198786,-0.04522368793538282
13.06,0.014763223994229099,-0.043732656904188615
13.110000000000001,0.020182897891065827,-0.04153801639666871
13.16,0.02528430324584671,-0.038674272287638395
13.21,0.02998516516792505,-0.03518672093577936
13.26,0.03420956051612269,-0.031130732031240352
13.31,0.03788914551149581,-0.02657086859244525
13.360000000000001,0.0409642626507369,-0.021579858112960086
13.41,0.04338490897252384,-0.016237431272009453
13.46,0.04511154994464177,-0.010629046772831503
13.51,0.04611576571110618,-0.004844522726559582
13.56,0.046380719126195284,0.0010234034744850858
13.610000000000001,0.04590143786311641,0.006880563676257874
13.66,0.0446849058730084,0.012632871954970855
13.71,0.042749962537043246,0.018187837743782728
13.76,0.04012701095113548,0.023456054730785297
13.81,0.03685753985927398,0.028352641532011537
13.860000000000001,0.032993466758106875,0.03279861089752745
13.91,0.028596312583573345,0.03672214533840111
13.96,0.02373622111338492,0.040059758549595134
14.01,0.01849083873293647,0.042757323824940976
14.06,0.012944072476033694,0.044770952786254446
14.110000000000001,0.007184746228916071,0.04606771014532379
14.16,0.001305176644284518,0.04662615284652546
14.21,-0.004600308375618242,0.04643668475699739
14.26,-0.01043688482285035,0.04550172103531412
14.31,-0.01611075698845765,0.043835659370777456
14.360000000000001,-0.02153066659218644,0.041464658394466294
14.41,-0.026609362327047158,0.03842622666996808
14.46,-0.03126500612627034,0.03476862872613043
14.51,-0.035422493460343575,0.030550117546910484
14.56,-0.039014666338577295,0.025838005736751234
14.610000000000001,-0.041983399401256616,0.020707590188550104
14.66,-0.04428054151758797,0.01524094745294486
14.71,-0.04586869761881528,0.009525619103937772
14.76,-0.04672183805800935,0.003653208182723005
14.81,-0.04682572555694437,-0.002282090750033744
14.860000000000001,-0.04617815273168447,-0.00818500433692192
14.91,-0.044788986234847714,-0.013960711598595235
14.96,-0.042680016664940285,-0.019516368922872833
15.01,-0.03988461652151058,-0.02476260431243428
15.06,-0.03644721157871189,-0.02961495681335507
15.110000000000001,-0.03242257405926447,-0.03399523791312194
15.16,-0.02787494886715744,-0.037832792937922015
15.21,-0.022877026834277427,-0.041065642075100564
15.26,-0.01750878140984457,-0.043641482572284555
15.31,-0.011856187432033627,-0.04551853588890221
15.360000000000001,-0.006009842532684013,-0.04666622606299774
15.41,-0.00006351330743638306,-0.04706567826645316
15.46,0.005887370390620638,-0.04671002941135037
15.51,0.011747248825740953,-0.04560454569279643
15.56,0.017421968754406145,-0.04376654506039183
15.610000000000001,0.022820298068970755,-0.04122512575160531
15.66,0.027855394314383632,-0.038020705144980696
15.71,0.03244620341131997,-0.034204376248939364
15.76,0.036518766029955116,-0.02983709208361269
15.81,0.04000741053371534,-0.0249886909910974
15.860000000000001,0.04285581322797523,-0.019736778478942826
15.91,0.04501790877584661,-0.014165483520924123
15.96,0.046458636047690995,-0.008364109270753867
16.01,0.04715450731419798,-0.0024256998554053315
16.060000000000002,0.04709399153230166,0.0035544537226415793
16.110000000000003,0.04627770546312962,0.00948034455272388
16.160000000000004,0.04471840945348741,0.015256793025911642
16.21,0.04244080785722759,0.020790977451672236
16.26,0.039481157219553725,0.025993927436772292
16.310000000000002,0.03588668844512571,0.030781955970514696
16.360000000000003,0.03171485216976123,0.03507800713701511
16.410000000000004,0.027032399407197316,0.03881289772418948
16.46,0.021914312200691448,0.0419264326989313
16.51,0.016442601431284794,0.044368376541281465
16.560000000000002,0.01070499108115537,0.046099264744765896
16.610000000000003,0.004793510086899726,0.04709104235829772
16.660000000000004,-0.0011969855858764474,0.047327519225763635
16.71,-0.007170336882946672,0.046804634527918006
16.76,-0.013030627103333116,0.045530526299970044
16.810000000000002,-0.018683723974170428,0.04352540473785087
16.860000000000003,-0.024038793535776943,0.040821231265965464
16.910000000000004,-0.02900976145986775,0.03746120846833739
16.96,-0.033516698262616086,0.03349908903295453
17.01,-0.0374871060926267,0.028998314776657978
17.060000000000002,-0.04085708635232685,0.024030999557994745
17.110000000000003,-0.04357236932447864,0.01867677240381663
17.160000000000004,-0.04558918919266818,0.013021499431422542
17.21,-0.0468749903301277,0.007155905105198436
17.26,-0.047408953445037934,0.0011741149934123007
17.310000000000002,-0.047182333068866794,-0.004827856539265662
17.360000000000003,-0.04619860091063017,-0.010753649375405218
17.410000000000004,-0.044473392725274334,-0.016508106595795973
17.46,-0.042034259508315935,-0.021998804408235716
17.51,-0.03892022698041039,-0.0271375384256315
17.560000000000002,-0.03518117041384426,-0.03184174236288068
17.610000000000003,-0.030877014828235815,-0.036035816305765724
17.660000000000004,-0.026076773396994293,-0.03965234315722545
17.71,-0.02085743951392258,-0.042633173663527826
17.76,-0.015302750328646685,-0.04493036253615616
17.810000000000002,-0.009501841632265976,-0.04650694058057805
17.860000000000003,-0.0035478157272376045,-0.04733751038194803
17.910000000000004,0.00246375468023762,-0.04740865593765566
17.96,0.008436362493872307,-0.04671915962172615
18.01,0.014274117430138789,-0.045280022968128476
18.060000000000002,0.019883287446252243,-0.04311429091903892
18.110000000000003,0.025173805584318032,-0.04025668234911859
18.160000000000004,0.030060717977511135,-0.03675303279685977
18.21,0.034465549709899054,-0.03265955835872191
18.26,0.03831756654289507,-0.028041952582347818
18.310000000000002,0.04155491219709494,-0.02297433088515785
18.360000000000003,0.04412560288138747,-0.01753803948068152
18.410000000000004,0.045988363059446966,-0.011820347977508996
18.46,0.04711328899999285,-0.005913046689495799
18.51,0.04748232943030091,0.00008902876934483925
18.560000000000002,0.047089575557685184,0.006089521860763326
18.610000000000003,0.045941355793539626,0.011992103936052122
18.660000000000004,0.0440561336595406,0.017702022561565656
18.71,0.04146421052505905,0.023127624438380304
18.76,0.03820723796760932,0.0281818284084831
18.810000000000002,0.034337547613604344,0.03278352484476224
18.860000000000003,0.02991730925536184,0.03685887890883534
18.910000000000004,0.02501753080486281,0.04034251671022784
18.96,0.01971691619061088,0.043178575287629896
19.01,0.014100599590081857,0.045321599527425496
19.060000000000002,0.008258776379825085,0.046737271601026774
19.110000000000003,0.0022852528462385356,0.047402961200953345
19.160000000000004,-0.0037240619943368115,0.0473080877425398
19.210000000000004,-0.009672698188308274,0.04645428872708105
19.26,-0.015465175434459211,0.04485539158427124
19.310000000000002,-0.021008537516611886,0.042537189476616236
19.360000000000003,-0.026213845889468842,0.039537024705073455
19.410000000000004,-0.030997608389584055,0.035903186452599135
19.460000000000004,-0.035283120092236,0.03169413259064849
19.51,-0.03900169475386922,0.026977548104800544
19.560000000000002,-0.04209376704575135,0.021829255323976067
19.610000000000003,-0.044509847869057595,0.016331993520830076
19.660000000000004,-0.04621131741105266,0.010574087550465726
19.710000000000004,-0.04717104321812695,0.004648026976863917
19.76,-0.047373813381948106,-0.0013510214273439753
19.810000000000002,-0.04681657791436895,-0.0073267438549437566
19.860000000000003,-0.04550849447693721,-0.01318322767823671
19.910000000000004,-0.04347077778202139,-0.01882650278542651
19.960000000000004,-0.040736355143890846,-0.02416605123913599
20.01,-0.03734933377859624,-0.02911626097402986
20.060000000000002,-0.033364288480898854,-0.03359780015870536
20.110000000000003,-0.028845381195980548,-0.03753889013153577
20.160000000000004,-0.023865326706686535,-0.04087645646016991
20.210000000000004,-0.018504221130111076,-0.04355713964334431
20.26,-0.01284825212062089,-0.04553814923973101
20.310000000000002,-0.006988311574496118,-0.04678794773507515
20.360000000000003,-0.0010185331937901214,-0.047286753205050214
20.410000000000004,0.004965221531361974,-0.04702685275275045
20.460000000000004,0.010866904541083963,-0.04601272174935904
20.51,0.01659182481529454,-0.04426094703509403
20.560000000000002,0.022048169536288326,-0.04179995539456163
20.610000000000003,0.02714847833765037,-0.03866955175524784
20.660000000000004,0.0318110469382818,-0.03492027461951755
20.710000000000004,0.03596123760727015,-0.030612579179860603
20.76,0.03953267541517477,-0.025815861336881546
20.810000000000002,0.042468311075491524,-0.02060733839509968
20.860000000000003,0.04472133333665573,-0.015070804511932255
20.910000000000004,0.0462559163150783,-0.009295280983262488
20.960000000000004,0.04704778982403161,-0.003373583132573573
21.01,0.04708462360869561,0.002599173097272582
21.060000000000002,0.04636621939819484,0.008527100791206462
21.110000000000003,0.04490450778257187,0.014315083318359918
21.160000000000004,0.0427233500663815,0.01987030239379664
21.210000000000004,0.039858148390251036,0.025103728367064967
21.26,0.03635527049673122,0.029931548780340017
21.310000000000002,0.03227129849735781,0.034276512245773036
21.360000000000003,0.027672113826079463,0.03806916606766709
21.410000000000004,0.022631833194552517,0.04124896775789161
21.460000000000004,0.017231612755016633,0.04376525263451627
21.51,0.011558339788103621,0.04557804202096033
21.560000000000002,0.005703233032163068,0.046658679138284455
21.610000000000003,-0.00023962577131476231,0.04699028256496613
21.660000000000004,-0.006174805448159243,0.046568010081634595
21.710000000000004,-0.012007059698297214,0.04539912877524311
21.76,-0.01764285744094133,0.043502890398701366
21.810000000000002,-0.022991884579962193,0.0409102141177055
21.860000000000003,-0.02796849304740386,0.037663181875851555
21.910000000000004,-0.03249307384788271,0.03381435462214868
21.960000000000004,-0.03649333206572604,0.029425920523283272
22.01,-0.039905443390011744,0.02456868898008925
22.060000000000002,-0.04267507363417838,0.019320946740332207
22.110000000000003,-0.04475824494541775,0.013767194608409633
22.160000000000004,-0.04612203487867348,0.007996785161483272
22.210000000000004,-0.046745097210580754,0.0021024834603596814
22.26,-0.046617996246422204,-0.003821026033092985
22.310000000000002,-0.04574334938162999,-0.009678662271538501
22.360000000000003,-0.044135775769939954,-0.015376475649823224
22.410000000000004,-0.04182165207313519,-0.020823156658573795
22.460000000000004,-0.03883867937204072,-0.025931500908525827
22.51,-0.035235268355030776,-0.030619806991690195
22.560000000000002,-0.031069752819883983,-0.034813184745297265
22.610000000000003,-0.026409444280426193,-0.03844475294474152
22.660000000000004,-0.021329543016732865,-0.041456707248696684
22.710000000000004,-0.015911923205855955,-0.043801241323914566
22.76,-0.010243811782256628,-0.04544130645480837
22.810000000000002,-0.00441638237115277,-0.04635119755521092
22.860000000000003,0.0014767130131674577,-0.046516956304371415
22.910000000000004,0.007340850829845697,-0.04593658508096704
22.960000000000004,0.013081957160526783,-0.044620068419940616
23.01,0.01860801866224497,-0.04258920181808833
23.060000000000002,0.02383055902737404,-0.03987723081548002
23.110000000000003,0.02866605723104492,-0.0365283063310252
23.160000000000004,0.03303728480512374,-0.03259676518266418
23.210000000000004,0.036874540702218066,-0.028146247528290466
23.26,0.040116763981608336,-0.0232486655774988
23.310000000000002,0.04271250653423177,-0.01798304030467924
23.360000000000003,0.04462075033361781,-0.01243422500267482
23.410000000000004,0.04581155621712177,-0.00669153631947317
23.460000000000004,0.04626653392611145,-0.0008473148894591036
23.51,0.04597912602084461,0.005004561217768584
23.560000000000002,0.04495470128892465,0.010770186271635796
23.610000000000003,0.04321045633694159,0.01635713556875934
23.660000000000004,0.040775127143629956,0.021675948768030605
23.710000000000004,0.03768851540981802,0.026641564038495963
23.76,0.03400083751636521,0.031174680002239184
23.810000000000002,0.029771906748322585,0.035203023640635225
23.860000000000003,0.025070162115949535,0.038662503868885575
23.910000000000004,0.019971559558093946,0.04149823234551398
23.960000000000004,0.01455834351148337,0.043665395240141416
24.01,0.008917718735501377,0.04512996209932687
24.060000000000002,0.0031404438656769673,0.045869220587303444
24.110000000000003,-0.0026806305948069258,0.04587212869334478
24.160000000000004,-0.0084520562672999,0.04513947894469453
24.210000000000004,-0.014081288806979064,0.04368387219584152
24.26,-0.01947817356251175,0.041529501632481564
24.310000000000002,-0.02455639110850244,0.038711750682289506
24.360000000000003,-0.02923483944647838,0.03527661151545211
24.410000000000004,-0.03343893071645623,0.03127993369764126
24.460000000000004,-0.03710178166299899,0.0267865152804841
24.51,-0.04016527883417435,0.02186905113591224
24.560000000000002,-0.04258100153059117,0.016606955620652182
24.610000000000003,-0.044310987831495015,0.011085078659132252
24.660000000000004,-0.04532833156823793,0.005392336025245444
24.710000000000004,-0.04561760085098797,-0.00037972404110201384
24.76,-0.045175071638035164,-0.006138394749393919
24.810000000000002,-0.04400877282181357,-0.011791301449033807
24.860000000000003,-0.04213834234358147,-0.01724788509793917
24.910000000000004,-0.03959469689056384,-0.02242085465868519
24.960000000000004,-0.03641952072624387,-0.027227585102082303
25.01,-0.03266458210816219,-0.03159143860335503
25.060000000000002,-0.028390888511364752,-0.035442987781160756
25.110000000000003,-0.023667694455205862,-0.038721121433681394
25.160000000000004,-0.01857137808519303,-0.04137401514270219
25.210000000000004,-0.013184204752371004,-0.043359951314601894
25.26,-0.007592997627000971,-0.04464797567078182
25.310000000000002,-0.0018877368525043233,-0.04521837984952781
25.360000000000003,0.0038398901334374177,-0.045063002593671644
25.410000000000004,0.009497963728692337,-0.04418534492816015
25.460000000000004,0.014995808987968783,-0.04260049773138411
25.51,0.02024545038177611,-0.0403348831254366
25.560000000000002,0.025163021127355294,-0.03742581410464775
25.610000000000003,0.029670104489697473,-0.03392087974057672
25.660000000000004,0.03369498557745977,-0.02987716609820551
25.710000000000004,0.037173793629487854,-0.02536032562748708
25.76,0.0400515165785731,-0.02044351021452375
25.810000000000002,0.04228287176069607,-0.015206185248796161
25.860000000000003,0.04383301897637896,-0.009732843952387691
25.910000000000004,0.04467810466783805,-0.0041116427940207385
25.960000000000004,0.04480562870987424,0.0015670199500125628
26.01,0.044214628179551546,0.007211959543748996
26.060000000000002,0.04291567542329622,0.012732670592573136
26.110000000000003,0.04093069073238894,0.018040779708660457
26.160000000000004,0.038292572920647076,0.023051461699183533
26.210000000000004,0.035044654023360176,0.02768479655812211
26.26,0.03123998715720664,0.03186704552988637
26.310000000000002,0.026940479251656366,0.03553182584873142
26.360000000000003,0.02221588284045552,0.03862116542005197
26.410000000000004,0.017142663347566672,0.04108642067081331
26.460000000000004,0.011802760279582616,0.04288904302453681
26.51,0.0062822624147013395,0.0440011819150936
26.560000000000002,0.0006700184302831057,0.044406114903093166
26.610000000000003,-0.00494379458445564,0.04409849825589166
26.660000000000004,-0.010469121642550868,0.04308443425188544
26.710000000000004,-0.015817476043412694,0.04138135442491825
26.76,-0.020903357977946693,0.03901772092761459
26.810000000000002,-0.025645622787589785,0.0360325511155084
26.860000000000003,-0.029968776957879993,0.032474773289937545
26.910000000000004,-0.033804181126398304,0.02840242424127435
26.960000000000004,-0.037091140915751226,0.02388170176182053
27.01,-0.03977786823948635,0.018985887609185462
27.060000000000002,-0.041822297842340206,0.013794158459310165
27.110000000000003,-0.04319274619148762,0.008390304160765458
27.160000000000004,-0.043868402394142164,0.0028613740604706717
27.210000000000004,-0.043839643537379056,-0.002703726707410285
27.26,-0.043108169684306426,-0.008215668310425433
27.310000000000002,-0.04168695667077186,-0.01358613162461068
27.360000000000003,-0.03960002778165511,-0.018729224869935692
27.410000000000004,-0.036882048298128085,-0.02356285872799181
27.460000000000004,-0.033577749750205534,-0.0280100579037505
27.51,-0.029741193436760887,-0.032000188155108245
27.560000000000002,-0.02543488534421679,-0.03547007921159189
27.610000000000003,-0.02072875696424909,-0.038365025713965606
27.660000000000004,-0.015699028642205792,-0.04063965030146284
27.710000000000004,-0.01042697394773121,-0.04225861522022864
27.76,-0.00499760511771901,-0.04319717128875163
27.810000000000002,0.0005016991452718531,-0.04344153569344264
27.860000000000003,0.005982601347908885,-0.042989092857319576
27.910000000000004,0.011357225653596299,-0.041848415482108554
27.960000000000004,0.01653956823882958,-0.04003910576276839
28.01,0.021446874900005138,-0.037591459666732226
28.060000000000002,0.0260009638220262,-0.03454596001142303
28.110000000000003,0.030129472344310203,-0.03095260681718373
28.160000000000004,0.03376700782305238,-0.026870096014635816
28.210000000000004,0.03685618426979266,-0.022364860004018595
28.26,0.039348528319415974,-0.017509985760659676
28.310000000000002,0.041205240214968894,-0.01238402812039415
28.360000000000003,0.04239779785716292,-0.007069737530799211
28.410000000000004,0.04290839451474848,-0.001652722892419559
28.460000000000004,0.04273020348661832,0.003779928882156657
28.51,0.04186746580387018,0.00914105430997986
28.560000000000002,0.040335399914852535,0.014344813205279383
28.610000000000003,0.03815993516232916,0.019308064468411847
28.660000000000004,0.03537727369314369,0.023951695724403203
28.710000000000004,0.03203328819160328,0.028201885526319068
28.76,0.028182765454095628,0.031991277966801165
28.810000000000002,0.023888508282126138,0.035260050991424395
28.860000000000003,0.01922031042477286,0.037956861455976765
28.910000000000004,0.014253821313574727,0.04003965198764457
28.960000000000004,0.009069319071223733,0.04147630696427523
29.01,0.003750411712678854,0.04224514737962638
29.060000000000002,-0.0016173124291006778,0.04233525697585596
29.110000000000003,-0.006947663247884531,0.041746634755008706
29.160000000000004,-0.012155234154401843,0.040490171784712765
29.210000000000004,-0.0171567718256738,0.03858745304438475
29.26,-0.021872508424543014,0.036070387871301006
29.310000000000002,-0.026227434951272034,0.03298067531565791
29.360000000000003,-0.030152495381982274,0.029369113356053043
29.410000000000004,-0.03358568256696267,0.02529476341933594
29.460000000000004,-0.036473018483539385,0.020823983951705836
29.51,-0.03876940333654495,0.016029348864546333
29.560000000000002,-0.040439320143208154,0.010988468495882555
29.610000000000003,-0.04145738379349799,0.0057827322577740006
29.660000000000004,-0.04180872610318022,0.0004959933574256743
29.710000000000004,-0.04148921103401658,-0.004786783133572267
29.76,-0.040505477000585995,-0.009980887045300205
29.810000000000002,-0.03887480597170088,-0.015003222704460202
29.860000000000003,-0.03662482186134024,-0.019773639516681034
29.910000000000004,-0.033793023444519996,-0.024216212210694782
29.960000000000004,-0.030426159683558475,-0.02826045027702986
