0.01,0.00007665919931100993,-0.000011729607460607202
0.060000000000000005,0.002754954918519916,-0.00042138904675478693
0.11,0.009219043345418109,-0.0014088700194975793
0.16000000000000003,0.019368925759752804,-0.0029558223969353434
0.21000000000000002,0.033048387777177245,-0.005033611290933691
0.26,0.05004815953554216,-0.007603947290930643
0.31000000000000005,0.07010998721949836,-0.010619703552133961
0.36000000000000004,0.09293154018111074,-0.014025902264378443
0.41000000000000003,0.11817206047008062,-0.017760849203471374
0.46,0.14545864553131105,-0.021757391634002247
0.51,0.17439304060362673,-0.025944271895375178
0.56,0.20455880540290058,-0.030247546657339267
0.6100000000000001,0.23552871041940235,-0.03459204016514272
0.66,0.266872211991159,-0.038902798882671556
0.7100000000000001,0.29816285256577973,-0.04310651484284992
0.76,0.32898543349045406,-0.047132885765575255
0.81,0.3589428124360921,-0.050915881617216725
0.8600000000000001,0.3876621862154209,-0.054394889747003336
0.91,0.4148007322157441,-0.05751571399910383
0.9600000000000001,0.440050497714845,-0.06023140718833742
1.01,0.46314244561886286,-0.06250292093505698
1.06,0.4838495871482743,-0.06429956194508989
1.11,0.5019891560661337,-0.06559924923333066
1.1600000000000001,0.5174238044438749,-0.06638857234524576
1.2100000000000002,0.5300618258621608,-0.06666265613783014
1.26,0.5398564374651744,-0.06642484294555
1.31,0.5468041765331755,-0.06568620778816045
1.36,0.5509424893487219,-0.06446492650159287
1.4100000000000001,0.55234660932043,-0.06278552013987893
1.4600000000000002,0.5511258369243439,-0.06067800158681989
1.51,0.5474193455086998,-0.05817695195072704
1.56,0.5413916440448662,-0.05532055495676967
1.61,0.5332278303553526,-0.05214961720671796
1.6600000000000001,0.5231287662734323,-0.04870660089665249
1.7100000000000002,0.5113062998516947,-0.0450346934617577
1.76,0.49797864958400523,-0.041176935780853734
1.81,0.48336605223599854,-0.037175427176365794
1.86,0.4676867600096304,-0.033070621660583374
1.9100000000000001,0.4511534551884881,-0.028900725887053773
1.9600000000000002,0.43397013194297607,-0.02470120524557575
2.01,0.41632947642313745,-0.020504400657933554
2.06,0.39841075837983847,-0.016339255037087178
2.11,0.3803782309882225,-0.012231145186819843
2.1599999999999997,0.3623800208371483,-0.008201812233176696
2.21,0.3445474775940986,-0.004269381552092805
2.26,0.32699494291092246,-0.00044846161537825946
2.31,0.30981989081249345,0.0032496897850821035
2.36,0.2931033870852052,0.006816943889396805
2.41,0.276910812915975,0.010248035773201936
2.46,0.26129279799127775,0.013540266976106878
2.51,0.24628631014594626,0.01669318648644455
2.56,0.23191585210492607,0.019708259518857917
2.61,0.21819472051977418,0.02258853226123435
2.66,0.20512628799937715,0.02533829942572706
2.71,0.19270527482540598,0.02796278009078655
2.76,0.18091898321607378,0.030467806032786808
2.81,0.16974847308950966,0.03285952557082442
2.86,0.15916966406243768,0.03514412492811701
2.91,0.14915435373347224,0.03732756827741961
2.96,0.1396711470246034,0.039415357003672616
3.01,0.13068629541525786,0.041412308291693546
3.06,0.12216444826508284,0.04332235292761886
3.11,0.11406932108036341,0.04514835217916087
3.16,0.10636428755536051,0.04689193377352701
3.21,0.0990129035523038,0.048553347298794555
3.26,0.09197937192266714,0.050131339784986254
3.31,0.08522895727511706,0.05162305274070422
3.36,0.07872835952297311,0.05302394249154428
3.41,0.07244605435794584,0.05432772624579969
3.46,0.06635260775879961,0.05552635685667256
3.51,0.06042097031430131,0.05661002971212071
3.56,0.05462675558004915,0.05756722551689081
3.61,0.04894850495995811,0.058384792890650385
3.66,0.04336793976852117,0.05904807464895872
3.71,0.0378701992554466,0.05954108132302184
3.76,0.03244406152915918,0.05984671488064905
3.81,0.0270821425724786,0.0599470447161001
3.86,0.02178106697747502,0.05982363677540753
3.91,0.01654160271266812,0.05945793518670217
3.96,0.011368751248102002,0.058831693999873695
4.01,0.006271783770857228,0.057927454652752314
4.06,0.0012642140845309452,0.056729062636406404
4.11,-0.0036363008530293254,0.05522221461170388
4.16,-0.0084081409106871,0.053395025029116173
4.21,-0.013025990017010552,0.05123859923069435
4.26,-0.01746119543767718,0.04874759817978985
4.31,-0.021682221474958997,0.04592077848278868
4.36,-0.025655197148483033,0.0427614903435163
4.41,-0.029344554289221617,0.039278115617280035
4.46,-0.03271374915956685,0.03548442828018656
4.51,-0.03572605733546436,0.03139986044749539
4.56,-0.038345428296999495,0.02704965857976114
4.61,-0.040537383120414196,0.02246491669245791
4.66,-0.042269935992126265,0.01768247618564159
4.71,-0.04351451810687149,0.012744685255114333
4.76,-0.0442468809812623,0.007699014627052456
4.8100000000000005,-0.044447955398871454,0.0025975304421433213
4.86,-0.04410464216085748,-0.002503770646058068
4.91,-0.043210511570920096,-0.007545754859083759
4.96,-0.04176639012394285,-0.012467059797401998
5.01,-0.03978081514904108,-0.01720510093597295
5.0600000000000005,-0.037270341103716256,-0.021697155690057843
5.11,-0.034259684723527264,-0.025881501908043197
5.16,-0.030781700177245193,-0.02969858559527949
5.21,-0.026877179622581064,-0.033092191353960625
5.26,-0.02259447895656174,-0.03601058847325556
5.3100000000000005,-0.017988972961297436,-0.038407625825243014
5.36,-0.013122348319971227,-0.04024374969104294
5.41,-0.008061746990680319,-0.041486920307502666
5.46,-0.0028787760646445766,-0.04211340521582393
5.51,0.0023515965930191313,-0.042108430320555224
5.5600000000000005,0.007552238989147498,-0.04146667282938868
5.61,0.012645119960428752,-0.04019258383322772
5.66,0.01755261704180902,-0.038300532091863806
5.71,0.022198841041201896,-0.035814764505197966
5.76,0.026510950927017007,-0.032769182670748034
5.8100000000000005,0.03042043303231213,-0.02920693876109228
5.86,0.03386431952342885,-0.025179857616230206
5.91,0.0367863225218687,-0.020747695363571815
5.96,0.03913786214872604,-0.015977247992618925
6.01,0.04087896901939596,-0.010941326074765733
6.0600000000000005,0.04197904428831411,-0.005717614195148145
6.11,0.042417463164530766,-0.0003874356280746203
6.16,0.0421840108253898,0.004965555674921719
6.21,0.04127914278611059,0.010256732611476662
6.26,0.039714064979281524,0.015401878125052972
6.3100000000000005,0.03751063200528909,0.020318569981645145
6.36,0.03470106518140041,0.02492754320266111
6.41,0.03132749509631465,0.02915400679139451
6.46,0.027441336325060194,0.03292889232536759
6.51,0.02310250473644833,0.03619001327058503
6.5600000000000005,0.018378490395907172,0.038883115478724486
6.61,0.013343301398012897,0.040962801224243076
6.66,0.008076296026621419,0.04239331129263583
6.71,0.0026609224110407284,0.04314915200880373
6.76,-0.002816613697264992,0.04321555665886188
6.8100000000000005,-0.008268731278896012,0.04258877347112452
6.86,-0.013607884004559461,0.04127617514231669
6.91,-0.018747974845960632,0.0392961877818898
6.96,-0.023605752324119576,0.03667804005839989
7.01,-0.028102165674748734,0.033461336224497415
7.0600000000000005,-0.0321636568601426,0.029695459528455953
7.11,-0.03572336835198921,0.025438815248141122
7.16,-0.038722246935051524,0.02075792516681959
7.21,-0.04111002541836412,0.01572638770987996
7.26,-0.04284606606432277,0.010423720140341685
7.3100000000000005,-0.0439000517281797,0.004934101134891698
7.36,-0.044252513108245045,-0.0006549662994696807
7.41,-0.04389518310403488,-0.006254050281760805
7.46,-0.04283117202597668,-0.01177322160751481
7.51,-0.041074960253713336,-0.01712349847310477
7.5600000000000005,-0.038652207856142706,-0.022218281174482324
7.61,-0.0355993836193777,-0.026974753670269812
7.66,-0.031963218832488274,-0.03131522935712846
7.71,-0.027799994009019915,-0.03516841922627979
7.76,-0.02317466942958269,-0.03847060174253825
7.8100000000000005,-0.018159872933647278,-0.04116667529405127
7.86,-0.012834760725794248,-0.0432110758795613
7.91,-0.0072837690548359455,-0.044568544802670786
7.96,-0.0015952764389811375,-0.04521473349688179
8.01,0.004139802383687465,-0.04513663517446288
8.06,0.009829468428072259,-0.04433283573618887
8.11,0.015382113189012562,-0.04281357925443429
8.16,0.020707992503911355,-0.04060064630338617
8.21,0.025720675860839474,-0.03772704641010468
8.26,0.030338447770181017,-0.03423652889079852
8.31,0.03448563850271402,-0.03018291926994228
8.36,0.03809386254888836,-0.02562929130841449
8.41,0.04110314455748275,-0.020646987344839173
8.46,0.043462914245592406,-0.015314502138175267
8.51,0.04513285380942213,-0.00971624764866424
8.56,0.04608358367504254,-0.003941218171496678
8.61,0.04629717497402445,0.0019184230898108617
8.66,0.045767479870669536,0.007768813583348272
8.71,0.0445002737620785,0.013515893690501605
8.76,0.04251320637359087,0.019066917705852615
8.81,0.0398355618323554,0.02433194926353488
8.86,0.03650783087198347,0.02922531711897909
8.91,0.032581101352092065,0.03366700774341564
8.96,0.028116276219201302,0.03758397211730679
9.01,0.023183130842291774,0.04091132540454218
9.06,0.017859224281736603,0.04359341983227301
9.11,0.012228681451435183,0.045584773066566504
9.16,0.006380865271370679,0.046850836631233246
9.21,0.0004089597461680106,0.047368591431014954
9.26,-0.005591513586109912,0.047126960171367395
9.31,-0.011524222237180273,0.04612702937223604
9.36,-0.017293568007520764,0.04438207670645533
9.41,-0.022806226115252137,0.041917402506424346
9.46,-0.027972653456045504,0.038769967425789004
9.51,-0.032708541640104116,0.034987841365583805
9.56,-0.036936191250092475,0.030629471826397865
9.610000000000001,-0.040585784943236704,0.02576278278031234
9.66,-0.043596538564145915,0.020464117921046104
9.71,-0.04591771131874464,0.014817044702887066
9.76,-0.04750945825503222,0.008911037876793636
9.81,-0.04834351076907668,0.002840063237627362
9.860000000000001,-0.04840367356596711,-0.003298916023446713
9.91,-0.04768612941271407,-0.00940748664101497
9.96,-0.0461995460772855,-0.015387361601547495
10.01,-0.04396498300652052,-0.021141960246212465
10.06,-0.04101559850518304,-0.026577966769377605
10.110000000000001,-0.03739616138750648,-0.031606841985529155
10.16,-0.033162374229664594,-0.03614626389585315
10.21,-0.02838001840574566,-0.040121473639913
10.26,-0.023123933991555795,-0.04346650485223279
10.31,-0.017476850322711988,-0.04612527623652999
10.360000000000001,-0.011528085451872547,-0.048052529294303245
10.41,-0.005372134924158684,-0.04921459556658697
10.46,0.0008928278561329593,-0.04958998043008591
10.51,0.007166515891507235,-0.049169753389452085
10.56,0.01334813258760411,-0.04795773788035754
10.610000000000001,0.019337989847294096,-0.04597049679448433
10.66,0.025039114308962822,-0.043237113206693115
10.71,0.030358815870368056,-0.039798769074161175
10.76,0.03521019315033744,-0.035708127934416564
10.81,0.039513551460744555,-0.031028530801455536
10.860000000000001,0.04319771017732837,-0.0258330174952376
10.91,0.046201178090351604,-0.020203188490494507
10.96,0.04847317735899094,-0.014227924989472271
11.01,0.049974499055177216,-0.008001987267022595
11.06,0.05067817592658518,-0.0016245133666563643
11.110000000000001,0.05056996089313626,0.004802558090972062
11.16,0.049648602871266906,0.01117611591852883
11.21,0.04792591474653933,0.017393529213718076
11.26,0.04542663163662173,0.02335429857962905
11.31,0.042188060950207606,0.028961679169820124
11.360000000000001,0.03825952909918027,0.03412424936929533
11.41,0.03370163300734315,0.038757399699801486
11.46,0.028585307726274073,0.04278471772641061
11.51,0.022990724465994674,0.046139246324564585
11.56,0.01700603612635335,0.04876459461869035
11.610000000000001,0.010725989928877296,0.05061588319510255
11.66,0.004250428956952504,0.05166050778764719
11.71,-0.0023172937220608683,0.051878708493788686
11.76,-0.00887196318701311,0.05126393465662674
11.81,-0.01530818678651114,0.049822998795992834
11.860000000000001,-0.021522087321687557,0.047576016337739384
11.91,-0.02741297810926186,0.044556131320946935
11.96,-0.032884992937075856,0.04080903170312952
12.01,-0.03784864454983164,0.036392261278370086
12.06,-0.042222286354317975,0.0313743385179219
12.110000000000001,-0.045933453495604154,0.02583369578386842
12.16,-0.0489200613065612,0.019857455302880217
12.21,-0.05113144134430055,0.013540060970998788
12.26,-0.05252919776449367,0.0069817874476653516
12.31,-0.05308786960848416,0.0002871500484010808
12.360000000000001,-0.05279538764427851,-0.006436759373523737
12.41,-0.051653317662532526,-0.013081984083838972
12.46,-0.04967688553084933,-0.019541434328328385
12.51,-0.046894782799917635,-0.02571061163867231
12.56,-0.04334875517747665,-0.03148929784276187
12.610000000000001,-0.03909297968430375,-0.03678318150424293
12.66,-0.034193239724071886,-0.041505395421214626
12.71,-0.028725910580786704,-0.04557794014631346
12.76,-0.022776770950357357,-0.04893297023001805
12.81,-0.016439658966251165,-0.05151392200948028
12.860000000000001,-0.009814993746421263,-0.05327646423380922
12.91,-0.0030081857274386102,-0.05418925559514884
12.96,0.0038720390751762765,-0.054234496279564025
13.01,0.010715374265475478,-0.05340826391473586
13.06,0.017411700055898163,-0.05172062772113383
13.110000000000001,0.023852853764974175,-0.04919553821516303
13.16,0.02993437538196203,-0.04587049341027832
13.21,0.0355572000524302,-0.04179598605759243
13.26,0.04062927008818682,-0.037034740003301814
13.31,0.04506704029745071,-0.03166074715924389
13.360000000000001,0.04879685204915603,-0.02575811982973059
13.41,0.051756153504399154,-0.019419776159636408
13.46,0.0538945458372735,-0.01274597921616905
13.51,0.055174637989658624,-0.005842752644662292
13.56,0.05557269551743025,0.0011798020931268194
13.610000000000001,0.055079072341654566,0.008209260215880003
13.66,0.05369841766621675,0.015132671921228868
13.71,0.051449653908282184,0.021838375745559604
13.76,0.0483657251529035,0.028217797896830852
13.81,0.044493119329346575,0.03416720859044161
13.860000000000001,0.039891170955161946,0.039589407002507335
13.91,0.03463115484588609,0.044395307497599686
13.96,0.028795184586086958,0.04850540127398534
14.01,0.02247493274609936,0.05185106947640846
14.06,0.01577019275618763,0.05437572612542868
14.110000000000001,0.00878730496805148,0.056035771867708736
14.16,0.0016374716993036035,0.05680134252211458
14.21,-0.005565012067898606,0.05665683963544314
14.26,-0.01270458420906269,0.05560123371797253
14.31,-0.019666268068271132,0.053648134448085937
14.360000000000001,-0.026337522482980463,0.05082562585938518
14.41,-0.03261005948017211,0.047175868293521835
14.46,-0.03838160031135042,0.042754472657006104
14.51,-0.0435575413768379,0.03762965620011582
14.56,-0.048052502933279055,0.03188119258127985
14.610000000000001,-0.051791735262289564,0.025599172333503763
14.66,-0.05471235917576902,0.01888259295592037
14.71,-0.05676442031071428,0.011837800662556765
14.76,-0.057911739583404884,0.004576808285683554
14.81,-0.0581325453839673,-0.0027844840882706567
14.860000000000001,-0.05741987654701212,-0.010128137511103863
14.91,-0.055781748777672994,-0.01733606214098564
14.96,-0.05324108098708203,-0.02429191458930062
15.01,-0.049835381836917506,-0.03088297418716717
15.06,-0.04561620064760444,-0.03700196793923606
15.110000000000001,-0.04064835062712663,-0.04254881464569362
15.16,-0.03500891606590388,-0.04743225986378142
15.21,-0.028786058658107246,-0.05157137503020107
15.26,-0.0220776413940055,-0.05489689615066824
15.31,-0.014989691467799677,-0.057352379950735416
15.360000000000001,-0.0076347263116862685,-0.058895158234280785
15.41,-0.00012996915547959422,-0.05949707436829437
15.46,0.007404517616137724,-0.05914498925495996
15.51,0.014847751611396169,-0.05784104781020658
15.56,0.02207977143370602,-0.05560270078389215
15.610000000000001,0.028983568423721615,-0.05246248066982966
15.66,0.03544697806075053,-0.04846753440144752
15.71,0.04136450047692653,-0.043678919447665936
15.76,0.046639020564326505,-0.03817067375049635
15.81,0.05118339966021168,-0.03202867361906453
15.860000000000001,0.05492191275633479,-0.025349297154647545
15.91,0.05779150756499149,-0.018237913971485956
15.96,0.05974286455038487,-0.010807224846326043
16.01,0.06074124015574626,-0.003175477428599219
16.060000000000002,0.06076707887562371,0.004535413768708943
16.110000000000003,0.05981638348493682,0.012201813235124738
16.160000000000004,0.05790083658386051,0.019700345154909392
16.21,0.05504767058917792,0.026909877220638395
16.26,0.05129928733506117,0.03371347569641867
16.310000000000002,0.04671263247472495,0.04000030020368587
16.360000000000003,0.041358333834275264,0.04566740755518291
16.410000000000004,0.03531961669746902,0.05062143531148453
16.46,0.02869101263300228,0.05478013755948032
16.51,0.021576881855237,0.05807374768599479
16.560000000000002,0.014089772179748857,0.060446145607277714
16.610000000000003,0.006348640346200287,0.061855809974816496
16.660000000000004,-0.0015230362120415928,0.06227653926196416
16.71,-0.009399227207988562,0.0616979292910691
16.76,-0.01715336561753325,0.06012559862938915
16.810000000000002,-0.024660379847779655,0.057581157302672235
16.860000000000003,-0.031798709355963975,0.054101918383842
16.910000000000004,-0.03845227126362141,0.04974035614502454
16.96,-0.04451234617870221,0.04456331854789543
17.01,-0.04987935261974338,0.03865100582415207
17.060000000000002,-0.05446448111381341,0.03209573070053385
17.110000000000003,-0.05819116118869528,0.025000479389432215
17.160000000000004,-0.060996337066803824,0.017477295738592143
17.21,-0.0628315308537134,0.009645513858023678
17.26,-0.06366367535139209,0.0016298670707022922
17.310000000000002,-0.06347570226293087,-0.006441496876098582
17.360000000000003,-0.06226687543441322,-0.014439062785205738
17.410000000000004,-0.060052862839109794,-0.02223402450038663
17.46,-0.056865545184853504,-0.029700357649632244
17.51,-0.052752563250551256,-0.036716855314614924
17.560000000000002,-0.047776610264612544,-0.043169093773129115
17.610000000000003,-0.04201447975892574,-0.048951296464183204
17.660000000000004,-0.03555588330036111,-0.05396806584382698
17.71,-0.028502056253287777,-0.058135954811298636
17.76,-0.020964173200136896,-0.06138485185915475
17.810000000000002,-0.013061597785830183,-0.06365915699960857
17.860000000000003,-0.004919994504180931,-0.06491872879737266
17.910000000000004,0.0033306677354439703,-0.06513958644555314
17.96,0.011558188573731849,-0.0643143546988507
18.01,0.019630252665140478,-0.06245244356616168
18.060000000000002,0.027416555784785038,-0.059579958897707716
18.110000000000003,0.034790906443902696,-0.05573934431256645
18.160000000000004,0.041633269147190885,-0.0509887592319278
18.21,0.047831716238487344,-0.04540120204218263
18.26,0.053284256628675634,-0.039063391541371645
18.310000000000002,0.057900511561616255,-0.0320744237557721
18.360000000000003,0.06160320992235422,-0.02454422488650214
18.410000000000004,0.06432947839083739,-0.016591824499020108
18.46,0.0660319049505934,-0.008343476046214599
18.51,0.06667935782523847,0.00006934563085153958
18.560000000000002,0.06625754578034093,0.00851203809410256
18.610000000000003,0.0647693098330704,0.016849023077012026
18.660000000000004,0.06223464069211201,0.024945921861558897
18.71,0.058690420637395,0.03267171938855115
18.76,0.05418989297314444,0.039900882278934055
18.810000000000002,0.04880186657766695,0.046515396556153915
18.860000000000003,0.042609667358426064,0.05240669202420633
18.910000000000004,0.03570985253211438,0.05747742195591338
18.96,0.028210707519871966,0.06164306895592962
19.01,0.020230548814418405,0.06483335054934558
19.060000000000002,0.011895859380263442,0.06699340116807527
19.110000000000003,0.0033392859374506796,0.06808471071497182
19.160000000000004,-0.00530247019284147,0.06808580372481349
19.210000000000004,-0.013890835175194308,0.06699264725149047
19.26,-0.022287582878151795,0.06481877992683134
19.310000000000002,-0.03035705768153133,0.06159515908992046
19.360000000000003,-0.037968364158108586,0.05736972740542448
19.410000000000004,-0.04499748831582055,0.05220670490294396
19.460000000000004,-0.05132931605646352,0.046185616804213465
19.51,-0.05685951603230466,0.03940007178948038
19.560000000000002,-0.06149625614049408,0.031956309419217954
19.610000000000003,-0.06516172545558513,0.023971539206337725
19.660000000000004,-0.06779343642356576,0.015572097265417452
19.710000000000004,-0.06934528557961922,0.006891449492829518
19.76,-0.06978835485271796,-0.0019319271952239758
19.810000000000002,-0.06911143962328975,-0.01075675196382443
19.860000000000003,-0.06732129404078369,-0.019441200353115563
19.910000000000004,-0.06444258861710847,-0.027845181633956897
19.960000000000004,-0.06051757971777097,-0.03583259668733178
20.01,-0.0556054952014386,-0.04327354004786404
20.060000000000002,-0.04978164503627504,-0.050046410515247754
20.110000000000003,-0.04313627017401109,-0.0560398960757454
20.160000000000004,-0.035773147218246856,-0.06115480076981281
20.210000000000004,-0.027807970412891778,-0.06530568356286638
20.26,-0.019366536134754093,-0.0684222821873776
20.310000000000002,-0.010582758341140207,-0.0704506982807809
20.360000000000003,-0.0015965462449659016,-0.07135432389285663
20.410000000000004,0.007448422180737407,-0.07111449351950003
20.460000000000004,0.016406995469040814,-0.069730850172674
20.51,0.025134876060567787,-0.06722141854995574
20.560000000000002,0.03349094255327445,-0.06362238304893343
20.610000000000003,0.04133952945910898,-0.05898757310705434
20.660000000000004,0.04855262767153608,-0.0533876630604207
20.710000000000004,0.055011969986658665,-0.04690909832970181
20.76,0.0606109677367519,-0.03965276418319354
20.810000000000002,0.06525646686287948,-0.031732417524126574
20.860000000000003,0.0688702945385154,-0.023272906033247758
20.910000000000004,0.0713905707159164,-0.014408202504840607
20.960000000000004,0.07277276265066082,-0.005279285287071377
21.01,0.07299046450973797,0.003968101675269746
21.060000000000002,0.07203588852102505,0.013185773639186622
21.110000000000003,0.06992005870813114,0.02222547765209347
21.160000000000004,0.06667270300155294,0.030941274975174717
21.210000000000004,0.06234184434918833,0.039191895088133935
21.26,0.056993096289133065,0.04684302333785512
21.310000000000002,0.05070867321759365,0.05376948522021447
21.360000000000003,0.04358613020777875,0.059857291809233854
21.410000000000004,0.03573685163689647,0.06500551294869547
21.460000000000004,0.02728431198641359,0.06912794746648782
21.51,0.01836213592832958,0.07215456282095034
21.560000000000002,0.009111988135892007,0.07403268019246831
21.610000000000003,-0.0003186738940800758,0.07472788503634531
21.660000000000004,-0.009778948395900463,0.07422464745168801
21.710000000000004,-0.01911690189487964,0.07252664132714683
21.76,-0.02818200723419828,0.069656756024871
21.810000000000002,-0.036827567979391844,0.0656567992824811
21.860000000000003,-0.044913090185998324,0.06058689497065391
21.910000000000004,-0.05230656321822382,0.054524584261483135
21.960000000000004,-0.058886612627034714,0.047563643560992644
22.01,-0.06454449001609364,0.03981263716042757
22.060000000000002,-0.06918586731465172,0.03139322689059176
22.110000000000003,-0.07273240590001318,0.0224382650509629
22.160000000000004,-0.07512307452189368,0.01308970046518444
22.210000000000004,-0.07631519392220719,0.0034963306278923056
22.26,-0.07628519035488136,-0.006188564497209418
22.310000000000002,-0.07502904482321554,-0.015809669435067574
22.360000000000003,-0.07256242969407774,-0.025212121883480043
22.410000000000004,-0.06892052934189623,-0.03424400328013812
22.460000000000004,-0.06415754654124926,-0.04275879123181723
22.51,-0.05834590138373451,-0.050617734250595986
22.560000000000002,-0.05157513446140543,-0.05769211034494327
22.610000000000003,-0.04395053085525622,-0.06386533273852554
22.660000000000004,-0.03559148601525851,-0.06903486831126181
22.710000000000004,-0.02662963884438385,-0.07311393724026727
22.76,-0.017206801133675897,-0.07603296571874066
22.810000000000002,-0.0074727158757745505,-0.07774076749571529
22.860000000000003,0.0024173201456755954,-0.07820543424855661
22.910000000000004,0.012304931781650376,-0.07741491940602802
22.960000000000004,0.022031199535124064,-0.07537730490984637
23.01,0.03143921166008534,-0.07212074545965369
23.060000000000002,0.040376593392261025,-0.06769308994961663
23.110000000000003,0.04869797257831055,-0.062161184991875416
23.160000000000004,0.0562673418424501,-0.05560987054947627
23.210000000000004,0.0629602789454266,-0.048140682686674305
23.26,0.06866598912865407,-0.03987028320687242
23.310000000000002,0.07328913596395463,-0.030928640410654407
23.360000000000003,0.07675143050510408,-0.021456989295557168
23.410000000000004,0.07899295231065254,-0.011605603168246088
23.460000000000004,0.07997318011940314,-0.0015314117884711216
23.51,0.07967171454448485,0.008604496240009387
23.560000000000002,0.07808868003677978,0.018639447117086184
23.610000000000003,0.07524479847619338,0.028411790449728934
23.660000000000004,0.07118113199860099,0.03776350101530965
23.710000000000004,0.06595849797343825,0.04654273184488555
23.76,0.05965656432672704,0.054606277414813525
23.810000000000002,0.052372638571894586,0.061821907027979274
23.860000000000003,0.044220168882605215,0.06807053040515942
23.910000000000004,0.03532698023729197,0.07324816006384809
23.960000000000004,0.025833273007773654,0.07726763819734596
24.01,0.01588941528305693,0.08006009943289691
24.060000000000002,0.005653563649699938,0.08157614498709981
24.110000000000003,-0.0047108499649936835,0.08178670828498402
24.160000000000004,-0.015037725489617747,0.0806835969944272
24.210000000000004,-0.025160954389438366,0.07827970157270872
24.26,-0.03491708927906918,0.07460886574523787
24.310000000000002,-0.04414798059845804,0.06972541975293961
24.360000000000003,-0.05270333785503805,0.0637033826277478
24.410000000000004,-0.06044317399076241,0.05663534509796724
24.460000000000004,-0.06724009315844354,0.048631049900834195
24.51,-0.07298138456225067,0.039815691204557045
24.560000000000002,-0.07757088799653787,0.030327959436436444
24.610000000000003,-0.08093060025978492,0.020317862002287856
24.660000000000004,-0.08300199567150429,0.009944354096436755
24.710000000000004,-0.08374703841618315,-0.000627183020275205
24.76,-0.0831488693091633,-0.011227576307956904
24.810000000000002,-0.08121215474783453,-0.021686565877764682
24.860000000000003,-0.07796309099570391,-0.03183553735201597
24.910000000000004,-0.07344906246104192,-0.04151023784174566
24.960000000000004,-0.0677379581877716,-0.050553431831009035
25.01,-0.06091715628490286,-0.05881745406208265
25.060000000000002,-0.053092191393421334,-0.06616661801304306
25.110000000000003,-0.04438512543928736,-0.07247944072755318
25.160000000000004,-0.03493264676444303,-0.07765064756372171
25.210000000000004,-0.024883927185596986,-0.08159292383174596
25.26,-0.014398270529876363,-0.08423838423634791
25.310000000000002,-0.0036425896713204314,-0.08553973546823347
25.360000000000003,0.007211248015143485,-0.08547111212960536
25.410000000000004,0.01798916460387663,-0.0840285713558606
25.460000000000004,0.028517661202217534,-0.08123023692700686
25.51,0.0386266085024625,-0.07711608926172232
25.560000000000002,0.04815199345683594,-0.07174740336495418
25.610000000000003,0.056938577770141,-0.06520584246556839
25.660000000000004,0.0648424251588762,-0.05759222064267863
25.710000000000004,0.07173325627613936,-0.049024953108196385
25.76,0.07749659281999895,-0.03963821790177013
25.810000000000002,0.08203565558943983,-0.029579857479870575
25.860000000000003,0.0852729850766857,-0.019009052966036773
25.910000000000004,0.0871517575283351,-0.008093807603661607
25.960000000000004,0.08763677420236245,0.0029917208462360706
26.01,0.08671510671831056,0.014069996445756367
26.060000000000002,0.08439638686216457,0.024962945939407226
26.110000000000003,0.0807127348787466,0.035494818712156415
26.160000000000004,0.07571832607260255,0.04549501995227531
26.210000000000004,0.06948860135069079,0.05480087138656126
26.26,0.06211913308338063,0.06326025495153109
26.310000000000002,0.05372416324178209,0.07073409648117937
26.360000000000003,0.044434836098974154,0.07709864890500916
26.410000000000004,0.03439715277362621,0.08224753752309448
26.460000000000004,0.023769679465476513,0.08609353361084648
26.51,0.012721045307994455,0.08857002684808944
26.560000000000002,0.0014272692770830268,0.08963217179876878
26.610000000000003,-0.00993104151268758,0.08925768881492382
26.660000000000004,-0.0211715775699387,0.08744730522026434
26.710000000000004,-0.03211325077695015,0.08422482835789509
26.76,-0.04257910927907293,0.0796368479723107
26.810000000000002,-0.0523991966332715,0.07375207134367842
26.860000000000003,-0.06141330905914914,0.06666030050731805
26.910000000000004,-0.06947360610351638,0.058471066677934225
26.960000000000004,-0.07644703222080988,0.04931194256316522
27.01,-0.08221750965408359,0.039326558504038225
27.060000000000002,-0.08668786653095827,0.028672353235454823
27.110000000000003,-0.08978146821154157,0.017518094438367306
27.160000000000004,-0.091443524576871,0.00604120808464065
27.210000000000004,-0.09164205105399632,-0.005575041207686461
27.26,-0.09036846665709393,-0.017144474041060065
27.310000000000002,-0.08763781809617446,-0.028480977719390656
27.360000000000003,-0.08348862497435203,-0.03940149763811629
27.410000000000004,-0.07798234716604012,-0.04972899054319887
27.460000000000004,-0.07120248154466202,-0.059295292054740496
27.51,-0.0632533012118367,-0.06794385205353018
27.560000000000002,-0.05425825617404183,-0.07553229348157836
27.610000000000003,-0.04435805992366289,-0.08193475278200946
27.660000000000004,-0.033708491519424795,-0.08704396355927814
27.710000000000004,-0.02247794744264962,-0.09077304902601555
27.76,-0.010844781653521162,-0.0930569933563095
27.810000000000002,0.0010055241829543936,-0.09385376711566999
27.860000000000003,0.012883315447541016,-0.09314508740605243
27.910000000000004,0.024597797266433245,-0.09093679916375069
27.960000000000004,0.03596009670646035,-0.08725887008672295
28.01,0.046786305359851475,-0.08216499784983815
28.060000000000002,0.056900453346875504,-0.07573183449276735
28.110000000000003,0.06613736668651427,-0.06805783903592905
28.160000000000004,0.07434536168286934,-0.059261775395594025
28.210000000000004,0.08138873242366473,-0.04948087843279703
28.26,0.08714999065057866,-0.03886871638843319
28.310000000000002,0.09153182109087624,-0.02759278294056139
28.360000000000003,0.09445871977687877,-0.015831856587796532
28.410000000000004,0.0958782878551402,-0.003773168940956294
28.460000000000004,0.09576215882276123,0.00839057327050071
28.51,0.09410654293847293,0.020464265154671743
28.560000000000002,0.09093237864889932,0.032253530488666624
28.610000000000003,0.08628508714892415,0.04356784835555489
28.660000000000004,0.0802339325590862,0.05422362933579658
28.710000000000004,0.07287099655048292,0.06404719162775611
28.76,0.06430978247665389,0.07287758889747561
28.810000000000002,0.05468347008182806,0.08056924386330343
28.860000000000003,0.04414284754836191,0.08699434457372748
28.910000000000004,0.03285395293043386,0.09204496399218921
28.960000000000004,0.020995461809787116,0.09563486780447226
29.01,0.008755862223590979,0.09770098024586073
29.060000000000002,-0.0036695385154154186,0.09820448313020459
29.110000000000003,-0.01608172762019583,0.09713152906668841
29.160000000000004,-0.028281171652368063,0.09449355598072555
29.210000000000004,-0.040071021442917035,0.09032719641565659
29.26,-0.051260285676235536,0.08469378158046488
29.310000000000002,-0.061666922017238134,0.07767844662170129
29.360000000000003,-0.07112079579821699,0.0693888500306825
29.410000000000004,-0.07946645822659519,0.05995352634605025
29.460000000000004,-0.08656569879835328,0.04951989727593959
29.51,-0.09229983006393709,0.03825197194628819
29.560000000000002,-0.09657166704083714,0.026327772091184413
29.610000000000003,-0.0993071683356912,0.013936522553732112
29.660000000000004,-0.10045671135436846,0.0012756513863994914
29.710000000000004,-0.09999597975755846,-0.011452352936946528
29.76,-0.09792644747082656,-0.024043177213712803
29.810000000000002,-0.09427544998434484,-0.03629396044910999
29.860000000000003,-0.0890958402763408,-0.0480065595225382
29.910000000000004,-0.08246523336027352,-0.058990751057592786
29.960000000000004,-0.07448485008200198,-0.06906731780124985
